Node ID,Node Statement,"Node ID, Node Statement"
c_poOu,"Social Darwinism applied Charles Darwin’s theories of natural selection to human societies, promoting the idea that stronger nations and races were destined to dominate weaker ones.","c_poOu, Social Darwinism applied Charles Darwin’s theories of natural selection to human societies, promoting the idea that stronger nations and races were destined to dominate weaker ones."
c_xum3,"Scientific racism used pseudoscientific theories to justify racial hierarchies, arguing that some races were biologically superior to others.","c_xum3, Scientific racism used pseudoscientific theories to justify racial hierarchies, arguing that some races were biologically superior to others."
c_DtQY,"The Industrial Revolution increased European demand for raw materials and markets, driving imperial expansion as nations sought colonies to supply resources and purchase manufactured goods.","c_DtQY, The Industrial Revolution increased European demand for raw materials and markets, driving imperial expansion as nations sought colonies to supply resources and purchase manufactured goods."
c_954f,"The Sino-Japanese War was a conflict between China and Japan over control of Korea, ending in Japan’s victory and forcing China to cede territory and recognize Korea’s independence.","c_954f, The Sino-Japanese War was a conflict between China and Japan over control of Korea, ending in Japan’s victory and forcing China to cede territory and recognize Korea’s independence."
c_PUaC,"Japan’s emergence as a non-Western imperial power in the late 19th century was marked by its military victories, including the defeat of China in the Sino-Japanese War, which expanded Japanese control to Taiwan and Korea.","c_PUaC, Japan’s emergence as a non-Western imperial power in the late 19th century was marked by its military victories, including the defeat of China in the Sino-Japanese War, which expanded Japanese control to Taiwan and Korea."
c_2269,"European trading companies, like the British East India Company and the Dutch VOC, evolved from commercial enterprises into colonial powers, acquiring governmental and military control over territories in Asia and Africa.","c_2269, European trading companies, like the British East India Company and the Dutch VOC, evolved from commercial enterprises into colonial powers, acquiring governmental and military control over territories in Asia and Africa."
c_o8K8,"Missionary activities often preceded colonial expansion, facilitating cultural transformation by spreading Christianity and establishing schools and healthcare services in colonized regions.","c_o8K8, Missionary activities often preceded colonial expansion, facilitating cultural transformation by spreading Christianity and establishing schools and healthcare services in colonized regions."
c_l4tC,Nationalism in 19th-century Europe drove countries like Italy and Germany to establish overseas empires as symbols of national strength.,"c_l4tC, Nationalism in 19th-century Europe drove countries like Italy and Germany to establish overseas empires as symbols of national strength."
c_QZal,"Colonial powers imposed their languages, institutions, and education systems on indigenous populations to reshape societies according to European models, often suppressing native traditions.","c_QZal, Colonial powers imposed their languages, institutions, and education systems on indigenous populations to reshape societies according to European models, often suppressing native traditions."
c_hvAA,"The Indian Removal Act of 1830 forced the Cherokee and other Southeastern tribes to relocate to present-day Oklahoma, exemplifying the U.S. policy of westward expansion at the expense of indigenous peoples.","c_hvAA, The Indian Removal Act of 1830 forced the Cherokee and other Southeastern tribes to relocate to present-day Oklahoma, exemplifying the U.S. policy of westward expansion at the expense of indigenous peoples."
c_x9iY,"The Trail of Tears was the forced migration of the Cherokee and other tribes to present-day Oklahoma, causing thousands of deaths due to exposure and disease.","c_x9iY, The Trail of Tears was the forced migration of the Cherokee and other tribes to present-day Oklahoma, causing thousands of deaths due to exposure and disease."
c_TkUD,"Japan challenged China's influence in Korea, leading to the Sino-Japanese War and resulting in Japanese control of Korea and Taiwan.","c_TkUD, Japan challenged China's influence in Korea, leading to the Sino-Japanese War and resulting in Japanese control of Korea and Taiwan."
c_VAxg,"The British colonization of Australia began in 1788 with convict settlements in New South Wales, leading to the displacement of Aboriginal peoples.","c_VAxg, The British colonization of Australia began in 1788 with convict settlements in New South Wales, leading to the displacement of Aboriginal peoples."
c_kpy7,The Belgian Congo transformed from King Leopold II's private colony to government control due to public outrage over rubber exploitation atrocities.,"c_kpy7, The Belgian Congo transformed from King Leopold II's private colony to government control due to public outrage over rubber exploitation atrocities."
c_Sw3T,"The Dutch East India Company controlled trade in the Dutch East Indies until 1799, when the Dutch government assumed direct control.","c_Sw3T, The Dutch East India Company controlled trade in the Dutch East Indies until 1799, when the Dutch government assumed direct control."
c_Vj2B,"European imperial powers expanded their empires in Africa through warfare and diplomacy, exemplified by British, French, and Belgian colonization efforts.","c_Vj2B, European imperial powers expanded their empires in Africa through warfare and diplomacy, exemplified by British, French, and Belgian colonization efforts."
c_QF5J,"Otto von Bismarck hosted the Berlin Conference to establish rules for European colonization of Africa, with no African representatives present at the negotiations.","c_QF5J, Otto von Bismarck hosted the Berlin Conference to establish rules for European colonization of Africa, with no African representatives present at the negotiations."
c_2R7P,"European powers at the Berlin Conference drew artificial colonial boundaries across Africa, dividing ethnic groups and combining rival populations, leading to future conflicts after independence.","c_2R7P, European powers at the Berlin Conference drew artificial colonial boundaries across Africa, dividing ethnic groups and combining rival populations, leading to future conflicts after independence."
c_M9Z4,"The discovery of diamonds and gold in South Africa intensified British interest in controlling the Boer republics, leading to increased tensions.","c_M9Z4, The discovery of diamonds and gold in South Africa intensified British interest in controlling the Boer republics, leading to increased tensions."
c_J6KD,"The First Boer War ended in Boer victory, but the Second Boer War resulted in British conquest through overwhelming military force and scorched earth tactics.","c_J6KD, The First Boer War ended in Boer victory, but the Second Boer War resulted in British conquest through overwhelming military force and scorched earth tactics."
c_U8XC,"The ""Scramble for Africa"" began in the 1880s as European nations raced to claim African territories, transforming the continent from largely independent states to one almost entirely under European control.","c_U8XC, The ""Scramble for Africa"" began in the 1880s as European nations raced to claim African territories, transforming the continent from largely independent states to one almost entirely under European control."
c_N5G1,"King Leopold II established the Congo Free State as his personal property in 1885, exploiting it for rubber and ivory until international pressure forced him to transfer it to Belgian state control in 1908.","c_N5G1, King Leopold II established the Congo Free State as his personal property in 1885, exploiting it for rubber and ivory until international pressure forced him to transfer it to Belgian state control in 1908."
c_P3LX,"The Dutch East India Company controlled Indonesia through private enterprise until 1800, when the Dutch government took direct control after the company's bankruptcy.","c_P3LX, The Dutch East India Company controlled Indonesia through private enterprise until 1800, when the Dutch government took direct control after the company's bankruptcy."
c_is86,"The Sepoy Rebellion of 1857 was an Indian revolt against British rule, sparked by religious grievances and British military practices, leading to the dissolution of the British East India Company.","c_is86, The Sepoy Rebellion of 1857 was an Indian revolt against British rule, sparked by religious grievances and British military practices, leading to the dissolution of the British East India Company."
c_H3B2,"British control in India shifted from East India Company rule to direct crown control in 1858 following the Sepoy Rebellion, establishing the British Raj.","c_H3B2, British control in India shifted from East India Company rule to direct crown control in 1858 following the Sepoy Rebellion, establishing the British Raj."
c_p90U,"The British Raj was the period of direct British rule over India from 1858 to 1947, following the collapse of the British East India Company’s control.","c_p90U, The British Raj was the period of direct British rule over India from 1858 to 1947, following the collapse of the British East India Company’s control."
c_HZ98,Trading companies like the British East India Company initially focused on commerce but gradually acquired governmental powers over territories.,"c_HZ98, Trading companies like the British East India Company initially focused on commerce but gradually acquired governmental powers over territories."
c_I8EA,"The Indian Rebellion of 1857 began when Indian soldiers, or sepoys, revolted against the British East India Company due to the introduction of rifle cartridges greased with cow and pig fat, offending Hindu and Muslim religious practices.","c_I8EA, The Indian Rebellion of 1857 began when Indian soldiers, or sepoys, revolted against the British East India Company due to the introduction of rifle cartridges greased with cow and pig fat, offending Hindu and Muslim religious practices."
c_QVBO,"European imperialism sparked nationalist resistance movements across South America, Africa, and Asia during the nineteenth and twentieth centuries.","c_QVBO, European imperialism sparked nationalist resistance movements across South America, Africa, and Asia during the nineteenth and twentieth centuries."
c_NzBs,"The Zulu Kingdom fought the British in the Anglo-Zulu War of the 1870s, initially succeeding before ultimate defeat and incorporation into British South Africa.","c_NzBs, The Zulu Kingdom fought the British in the Anglo-Zulu War of the 1870s, initially succeeding before ultimate defeat and incorporation into British South Africa."
c_DomV,"The Sepoy Mutiny, also known as the Indian Rebellion of 1857, ended in failure but led to significant changes in the British administration of India, including direct governance under the British Crown.","c_DomV, The Sepoy Mutiny, also known as the Indian Rebellion of 1857, ended in failure but led to significant changes in the British administration of India, including direct governance under the British Crown."
c_X4MN,"Usman dan Fodio established the Sokoto Caliphate as a Muslim state in West Africa, creating the largest African empire of the 19th century before its conquest by British forces.","c_X4MN, Usman dan Fodio established the Sokoto Caliphate as a Muslim state in West Africa, creating the largest African empire of the 19th century before its conquest by British forces."
c_8vL6,"The Cherokee Nation emerged as a constitutional republic in the early 1800s, adopted Western practices for farming and building, and created a written language before being forcibly relocated through the Indian Removal Act of 1830.","c_8vL6, The Cherokee Nation emerged as a constitutional republic in the early 1800s, adopted Western practices for farming and building, and created a written language before being forcibly relocated through the Indian Removal Act of 1830."
c_WjPy,"The rebellion spread throughout northern India, resulting in thousands of deaths before being suppressed by British forces; afterward, the British government dissolved the East India Company and established direct rule over India as the British Raj.","c_WjPy, The rebellion spread throughout northern India, resulting in thousands of deaths before being suppressed by British forces; afterward, the British government dissolved the East India Company and established direct rule over India as the British Raj."
c_selx,"Yaa Asantewaa, the queen mother of the Asante Empire, led the final Asante resistance against British colonialism in 1900 when the British demanded the Golden Stool, a sacred symbol of Asante national unity.","c_selx, Yaa Asantewaa, the queen mother of the Asante Empire, led the final Asante resistance against British colonialism in 1900 when the British demanded the Golden Stool, a sacred symbol of Asante national unity."
c_SDde,"The Ghost Dance movement emerged among the Northern Paiute Indians as a spiritual resistance predicting the return of ancestors and the removal of white settlers, culminating in the Wounded Knee Massacre, which marked the end of both the movement and the Indian Wars.","c_SDde, The Ghost Dance movement emerged among the Northern Paiute Indians as a spiritual resistance predicting the return of ancestors and the removal of white settlers, culminating in the Wounded Knee Massacre, which marked the end of both the movement and the Indian Wars."
c_R9nh,"Túpac Amaru II, a descendant of the last Inca ruler, led a major indigenous revolt against Spanish rule in Peru, which spread to Bolivia and Argentina before being suppressed.","c_R9nh, Túpac Amaru II, a descendant of the last Inca ruler, led a major indigenous revolt against Spanish rule in Peru, which spread to Bolivia and Argentina before being suppressed."
c_Co4I,"The Xhosa Cattle-Killing Movement was a prophetic movement where the Xhosa people slaughtered their cattle in the belief that it would bring about the resurrection of ancestors and expel British settlers; instead, it led to famine and facilitated British conquest of Xhosa lands.","c_Co4I, The Xhosa Cattle-Killing Movement was a prophetic movement where the Xhosa people slaughtered their cattle in the belief that it would bring about the resurrection of ancestors and expel British settlers; instead, it led to famine and facilitated British conquest of Xhosa lands."
c_tdld,"Muhammad Ahmad declared himself the Mahdi in Sudan, leading a religious and political movement that successfully fought against Egyptian and British control until his death; internal rivalries then weakened the Mahdist state until British defeat.","c_tdld, Muhammad Ahmad declared himself the Mahdi in Sudan, leading a religious and political movement that successfully fought against Egyptian and British control until his death; internal rivalries then weakened the Mahdist state until British defeat."
c_KOXn,"José Rizal was a Filipino nationalist and writer who founded the Liga Filipina to promote peaceful reform, but his execution by Spanish authorities in 1896 helped ignite the Philippine Revolution, the first nationalist rebellion against Spanish rule.","c_KOXn, José Rizal was a Filipino nationalist and writer who founded the Liga Filipina to promote peaceful reform, but his execution by Spanish authorities in 1896 helped ignite the Philippine Revolution, the first nationalist rebellion against Spanish rule."
c_mNvQ,"Anti-imperial resistance movements often resulted in the formation of new independent states, as seen with the independence of Serbia and Greece after prolonged wars against Ottoman rule.","c_mNvQ, Anti-imperial resistance movements often resulted in the formation of new independent states, as seen with the independence of Serbia and Greece after prolonged wars against Ottoman rule."
c_2CpH,"The Taiping Rebellion, led by Hong Xiuquan who claimed to be Jesus's brother, was a massive civil war in China against the Qing Dynasty, nearly overthrowing Manchu rule and resulting in millions of deaths.","c_2CpH, The Taiping Rebellion, led by Hong Xiuquan who claimed to be Jesus's brother, was a massive civil war in China against the Qing Dynasty, nearly overthrowing Manchu rule and resulting in millions of deaths."
c_5d5h,Samory Touré was a West African military leader who established a powerful kingdom and led military resistance against French colonial expansion in the late 19th century before being captured in 1898.,"c_5d5h, Samory Touré was a West African military leader who established a powerful kingdom and led military resistance against French colonial expansion in the late 19th century before being captured in 1898."
c_bpW7,"The Industrial Revolution transformed European economies from handicraft manufacturing to machine-based production, creating an unprecedented demand for raw materials from Asia, Africa, and the Americas.","c_bpW7, The Industrial Revolution transformed European economies from handicraft manufacturing to machine-based production, creating an unprecedented demand for raw materials from Asia, Africa, and the Americas."
c_vads,Industrialized imperial powers sought global colonization primarily to secure raw materials for their manufacturing sectors and to find new markets for their surplus manufactured goods.,"c_vads, Industrialized imperial powers sought global colonization primarily to secure raw materials for their manufacturing sectors and to find new markets for their surplus manufactured goods."
c_VaHy,"Imperial powers forced colonies to transition from subsistence farming to cash crop production, focusing on one or two commodities like cotton, rubber, and palm oil for export to European markets.","c_VaHy, Imperial powers forced colonies to transition from subsistence farming to cash crop production, focusing on one or two commodities like cotton, rubber, and palm oil for export to European markets."
c_dsg5,"Indentured labor was a system where workers from India and China signed contracts to work under harsh conditions in exchange for passage, food, and small wages.","c_dsg5, Indentured labor was a system where workers from India and China signed contracts to work under harsh conditions in exchange for passage, food, and small wages."
c_IsLV,The shift to export-oriented economies during colonialism fundamentally altered traditional economic systems in colonized regions and created lasting dependency relationships between colonies and colonial powers.,"c_IsLV, The shift to export-oriented economies during colonialism fundamentally altered traditional economic systems in colonized regions and created lasting dependency relationships between colonies and colonial powers."
c_iP74,"Colonial powers used various forms of forced labor, including indentured laborers from Asia and enslaved indigenous peoples, to extract resources like rubber, palm oil, and ivory.","c_iP74, Colonial powers used various forms of forced labor, including indentured laborers from Asia and enslaved indigenous peoples, to extract resources like rubber, palm oil, and ivory."
c_3xrd,"Infrastructure developments, such as railroads, steamships, and the electric telegraph, reduced transportation costs, facilitated resource extraction, opened new markets, and enabled instant communication between imperial powers and colonies.","c_3xrd, Infrastructure developments, such as railroads, steamships, and the electric telegraph, reduced transportation costs, facilitated resource extraction, opened new markets, and enabled instant communication between imperial powers and colonies."
c_Xe85,The palm oil trade in West Africa became significant as palm oil was essential for lubricating European industrial machinery and making candles.,"c_Xe85, The palm oil trade in West Africa became significant as palm oil was essential for lubricating European industrial machinery and making candles."
c_isdt,"Rubber extraction in the Amazon and the Congo Basin was driven by European industrial demand, often involving forced labor and leading to severe human rights abuses.","c_isdt, Rubber extraction in the Amazon and the Congo Basin was driven by European industrial demand, often involving forced labor and leading to severe human rights abuses."
c_f6ob,"The guano industries in Peru and Chile exported millions of tons of guano to support industrial agriculture as fertilizer, using indentured Chinese and Polynesian labor.","c_f6ob, The guano industries in Peru and Chile exported millions of tons of guano to support industrial agriculture as fertilizer, using indentured Chinese and Polynesian labor."
c_Odzz,"The discovery of diamonds in Africa led companies like De Beers Mining Company, founded by Cecil Rhodes, to achieve near-monopoly control over global diamond production, demonstrating European colonial control over African mineral resources.","c_Odzz, The discovery of diamonds in Africa led companies like De Beers Mining Company, founded by Cecil Rhodes, to achieve near-monopoly control over global diamond production, demonstrating European colonial control over African mineral resources."
c_FLQM,"Meat from Argentina and Uruguay became significant in global trade as European demand for meat increased, facilitated by technological advancements such as refrigeration.","c_FLQM, Meat from Argentina and Uruguay became significant in global trade as European demand for meat increased, facilitated by technological advancements such as refrigeration."
c_R2T8,Egypt became a cotton-dependent export economy during the American Civil War after the Union blockade of Confederate ports made it a major supplier to British textile mills.,"c_R2T8, Egypt became a cotton-dependent export economy during the American Civil War after the Union blockade of Confederate ports made it a major supplier to British textile mills."
c_e8Lg,"Industrialization drove massive urbanization in Europe, increasing populations in urban centers and leading to greater food imports from colonies.","c_e8Lg, Industrialization drove massive urbanization in Europe, increasing populations in urban centers and leading to greater food imports from colonies."
c_Vux9,"Britain cultivated opium in India and illegally exported it to China, causing widespread addiction and addressing British trade deficits.","c_Vux9, Britain cultivated opium in India and illegally exported it to China, causing widespread addiction and addressing British trade deficits."
c_5B3X,"China's attempts to stop the British opium trade led to the First Opium War, which resulted in British victory.","c_5B3X, China's attempts to stop the British opium trade led to the First Opium War, which resulted in British victory."
c_t0Hq,"The Treaty of Nanking was the 1842 agreement that ended the First Opium War, forcing China to open several ports, cede Hong Kong to Britain, pay reparations, and legalize the opium trade.","c_t0Hq, The Treaty of Nanking was the 1842 agreement that ended the First Opium War, forcing China to open several ports, cede Hong Kong to Britain, pay reparations, and legalize the opium trade."
c_snDA,"The Second Opium War further weakened China, forcing it to open all ports to European trade under unequal treaties.","c_snDA, The Second Opium War further weakened China, forcing it to open all ports to European trade under unequal treaties."
c_Y5cw,"Colonial powers transformed local economies into export-oriented systems, extracting raw materials without fair compensation and selling manufactured goods back to the colonies, creating economic dependency.","c_Y5cw, Colonial powers transformed local economies into export-oriented systems, extracting raw materials without fair compensation and selling manufactured goods back to the colonies, creating economic dependency."
c_URe7,"British colonial policies transformed India from a textile manufacturer to a supplier of raw cotton, undermining traditional Indian industries.","c_URe7, British colonial policies transformed India from a textile manufacturer to a supplier of raw cotton, undermining traditional Indian industries."
c_rwWC,"The British East India Company operated as a joint-stock company with exclusive trading rights in India and maintained its own military forces, establishing a model of imperial economic exploitation.","c_rwWC, The British East India Company operated as a joint-stock company with exclusive trading rights in India and maintained its own military forces, establishing a model of imperial economic exploitation."
c_iypl,"Foreign investments in Latin America focused on infrastructure and resource extraction, creating economic dependency and allowing foreign businesses to influence local politics.","c_iypl, Foreign investments in Latin America focused on infrastructure and resource extraction, creating economic dependency and allowing foreign businesses to influence local politics."
c_tUQN,"The United Fruit Company was a U.S. transnational corporation that dominated banana production in Latin America, influencing local politics and economies, and contributing to political instability, which led to the term 'banana republics.'","c_tUQN, The United Fruit Company was a U.S. transnational corporation that dominated banana production in Latin America, influencing local politics and economies, and contributing to political instability, which led to the term 'banana republics.'"
c_qSlb,"Technological advances from the Industrial Revolution, such as steamships and advanced weaponry, enabled imperial powers to extend control over distant territories.","c_qSlb, Technological advances from the Industrial Revolution, such as steamships and advanced weaponry, enabled imperial powers to extend control over distant territories."
c_HEgH,"British investments in Argentina developed infrastructure like railroads and ports, integrating its economy with Britain and making Argentina Latin America's wealthiest nation by 1914.","c_HEgH, British investments in Argentina developed infrastructure like railroads and ports, integrating its economy with Britain and making Argentina Latin America's wealthiest nation by 1914."
c_Z9K3,"Japan, France, Germany, Russia, and the United States forced China to grant exclusive trading rights in designated regions called spheres of influence, weakening Chinese sovereignty.","c_Z9K3, Japan, France, Germany, Russia, and the United States forced China to grant exclusive trading rights in designated regions called spheres of influence, weakening Chinese sovereignty."
c_1B7Q,"The Dutch colonial government's Culture System in Indonesia forced farmers to either dedicate one-fifth of their rice fields to export crops or perform corvée labor, working 66 days unpaid in government fields.","c_1B7Q, The Dutch colonial government's Culture System in Indonesia forced farmers to either dedicate one-fifth of their rice fields to export crops or perform corvée labor, working 66 days unpaid in government fields."
c_6w79,"The United States proposed the Open Door Policy, advocating equal trading rights in China and supporting Chinese sovereignty.","c_6w79, The United States proposed the Open Door Policy, advocating equal trading rights in China and supporting Chinese sovereignty."
c_K9yO,Industrialization drove urbanization and created new patterns of both internal and international migration.,"c_K9yO, Industrialization drove urbanization and created new patterns of both internal and international migration."
c_A0nf,"Global economic changes in the 19th century led to increased migration patterns, including both voluntary and forced movements of people across continents.","c_A0nf, Global economic changes in the 19th century led to increased migration patterns, including both voluntary and forced movements of people across continents."
c_TMGb,"A diaspora is a mass emigration from a region over an extended period, often driven by factors like poverty, political conditions, or famine.","c_TMGb, A diaspora is a mass emigration from a region over an extended period, often driven by factors like poverty, political conditions, or famine."
c_wT7r,"Following the gradual abolition of slavery, imperial and colonial powers sought alternative labor sources such as indentured servitude, Asian contract labor, and convict labor.","c_wT7r, Following the gradual abolition of slavery, imperial and colonial powers sought alternative labor sources such as indentured servitude, Asian contract labor, and convict labor."
c_eFkW,Late 19th-century improvements in transportation technology enabled temporary migration and allowed workers to return to their home societies periodically or permanently.,"c_eFkW, Late 19th-century improvements in transportation technology enabled temporary migration and allowed workers to return to their home societies periodically or permanently."
c_XM3q,"By 1878, Indian indentured laborers were working on plantations in British Guiana, Dutch Guiana, Natal, Fiji, and Caribbean colonies.","c_XM3q, By 1878, Indian indentured laborers were working on plantations in British Guiana, Dutch Guiana, Natal, Fiji, and Caribbean colonies."
c_vyhG,The Great Famine was a devastating potato blight in Ireland that caused mass starvation.,"c_vyhG, The Great Famine was a devastating potato blight in Ireland that caused mass starvation."
c_ho7D,The Great Famine caused over a million Irish people to emigrate to various destinations.,"c_ho7D, The Great Famine caused over a million Irish people to emigrate to various destinations."
c_m5jz,"Chinese laborers migrated to California and British Malaya during the 19th century, working in railroad construction and various service roles.","c_m5jz, Chinese laborers migrated to California and British Malaya during the 19th century, working in railroad construction and various service roles."
c_TCpa,Japan's overseas expansion included both colonization attempts and organized labor emigration programs.,"c_TCpa, Japan's overseas expansion included both colonization attempts and organized labor emigration programs."
c_FZXr,"During the 1800s, millions of Europeans migrated to Latin America, particularly Argentina and Brazil, driven by economic opportunities and political instability in Europe.","c_FZXr, During the 1800s, millions of Europeans migrated to Latin America, particularly Argentina and Brazil, driven by economic opportunities and political instability in Europe."
c_hXFt,"Brazil maintained slavery until 1888, making it the last major Western nation to abolish the practice through the Golden Law signed by Princess Isabel.","c_hXFt, Brazil maintained slavery until 1888, making it the last major Western nation to abolish the practice through the Golden Law signed by Princess Isabel."
c_CcnD,"Different types of migration emerged during this period, including voluntary permanent settlement, temporary labor migration, and forced or semi-forced labor movements.","c_CcnD, Different types of migration emerged during this period, including voluntary permanent settlement, temporary labor migration, and forced or semi-forced labor movements."
c_Dpbc,"British convicts transported to Australia came from Britain, Ireland, and colonies like India, performing various forms of labor rather than serving in prisons.","c_Dpbc, British convicts transported to Australia came from Britain, Ireland, and colonies like India, performing various forms of labor rather than serving in prisons."
c_ifYJ,"Lebanese merchants in the United States and Italian laborers in Argentina represented voluntary migration patterns, often with the option to return home.","c_ifYJ, Lebanese merchants in the United States and Italian laborers in Argentina represented voluntary migration patterns, often with the option to return home."
c_EKYe,"Japanese laborers were specifically recruited for sugar plantation work in Hawaii, Peru, and Cuba.","c_EKYe, Japanese laborers were specifically recruited for sugar plantation work in Hawaii, Peru, and Cuba."
c_NuNE,"The Chinese Exclusion Act was an 1882 U.S. law that banned Chinese immigration, marking the first major federal restriction on immigration based on race.","c_NuNE, The Chinese Exclusion Act was an 1882 U.S. law that banned Chinese immigration, marking the first major federal restriction on immigration based on race."
c_NBY2,"The White Australia Policy, implemented in 1901 after the federation of six British colonies, restricted non-British immigration to Australia and remained in effect until the mid-1970s.","c_NBY2, The White Australia Policy, implemented in 1901 after the federation of six British colonies, restricted non-British immigration to Australia and remained in effect until the mid-1970s."
c_ziJw,"Chinese immigrants were crucial in constructing the first transcontinental railroad in the United States, demonstrating their significant role in American industrialization.","c_ziJw, Chinese immigrants were crucial in constructing the first transcontinental railroad in the United States, demonstrating their significant role in American industrialization."
c_ssL7,"The Great Famine drove approximately 3 million Irish to emigrate, with many settling in North America despite facing nativist and anti-Catholic prejudice.","c_ssL7, The Great Famine drove approximately 3 million Irish to emigrate, with many settling in North America despite facing nativist and anti-Catholic prejudice."
c_80d9,"Migrant ethnic enclaves were communities of immigrants in foreign cities that preserved their native culture while adapting to new societies, such as Chinatowns.","c_80d9, Migrant ethnic enclaves were communities of immigrants in foreign cities that preserved their native culture while adapting to new societies, such as Chinatowns."
c_R8AN,"Chinese immigrants in Southeast Asia gained significant economic influence under colonial rule, with merchants dominating trade networks through family businesses and international commerce.","c_R8AN, Chinese immigrants in Southeast Asia gained significant economic influence under colonial rule, with merchants dominating trade networks through family businesses and international commerce."
c_3dW3,"Between 1870 and 1914, the world experienced the largest voluntary migration in history, with millions moving across continents for labor, military service, and colonial administration.","c_3dW3, Between 1870 and 1914, the world experienced the largest voluntary migration in history, with millions moving across continents for labor, military service, and colonial administration."
c_Dk8I,"Indian laborers migrated as indentured servants to British colonies in Africa, the Caribbean, and Southeast Asia, primarily working on plantations and railways, leading to significant demographic changes.","c_Dk8I, Indian laborers migrated as indentured servants to British colonies in Africa, the Caribbean, and Southeast Asia, primarily working on plantations and railways, leading to significant demographic changes."
c_dlJh,"Policies encouraging European immigration, like Argentina's 1853 Constitution guaranteeing foreigners equal civil rights, led to Italians constituting over 55 percent of the Argentine population.","c_dlJh, Policies encouraging European immigration, like Argentina's 1853 Constitution guaranteeing foreigners equal civil rights, led to Italians constituting over 55 percent of the Argentine population."
c_Viqy,"Male-dominated migration led to women in home societies taking on roles traditionally occupied by men, altering gender roles and societal structures.","c_Viqy, Male-dominated migration led to women in home societies taking on roles traditionally occupied by men, altering gender roles and societal structures."
c_ISol,"Migration led to two-way cultural exchange, with immigrants maintaining home traditions while influencing their new societies, such as Indians in the Caribbean preserving Hinduism and contributing to local music.","c_ISol, Migration led to two-way cultural exchange, with immigrants maintaining home traditions while influencing their new societies, such as Indians in the Caribbean preserving Hinduism and contributing to local music."
c_wUPs,"Violent anti-Chinese sentiment in the United States during the 1870s and 1880s manifested in riots and brutal attacks, reflecting severe racial prejudice.","c_wUPs, Violent anti-Chinese sentiment in the United States during the 1870s and 1880s manifested in riots and brutal attacks, reflecting severe racial prejudice."
KC-5.2.III,"A range of cultural, religious, and racial ideologies were used to justify imperialism, including Social Darwinism, nationalism, the concept of the civilizing mission, and the desire to religiously convert indigenous populations.","KC-5.2.III, A range of cultural, religious, and racial ideologies were used to justify imperialism, including Social Darwinism, nationalism, the concept of the civilizing mission, and the desire to religiously convert indigenous populations."
KC-5.2.I.A,Some states with existing colonies strengthened their control over those colonies and in some cases assumed direct control over colonies previously held by non-state entities.,"KC-5.2.I.A, Some states with existing colonies strengthened their control over those colonies and in some cases assumed direct control over colonies previously held by non-state entities."
KC-5.2.I.B,"European states as well as the United States and Japan acquired territories throughout Asia and the Pacific, while Spanish and Portuguese influence declined.","KC-5.2.I.B, European states as well as the United States and Japan acquired territories throughout Asia and the Pacific, while Spanish and Portuguese influence declined."
KC-5.2.I.C,Many European states used both warfare and diplomacy to expand their empires in Africa.,"KC-5.2.I.C, Many European states used both warfare and diplomacy to expand their empires in Africa."
KC-5.2.I.D,Europeans established settler colonies in some parts of their empires.,"KC-5.2.I.D, Europeans established settler colonies in some parts of their empires."
KC-5.2.II.B,"The United States, Russia, and Japan expanded their land holdings by conquering and settling neighboring territories.","KC-5.2.II.B, The United States, Russia, and Japan expanded their land holdings by conquering and settling neighboring territories."
KC-5.3.III.D,Increasing questions about political authority and growing nationalism contributed to anticolonial movements.,"KC-5.3.III.D, Increasing questions about political authority and growing nationalism contributed to anticolonial movements."
KC-5.2.II.C,"Anti-imperial resistance took various forms, including direct resistance within empires and the creation of new states on the peripheries.","KC-5.2.II.C, Anti-imperial resistance took various forms, including direct resistance within empires and the creation of new states on the peripheries."
KC-5.3.III.E,"Increasing discontent with imperial rule led to rebellions, some of which were influenced by religious ideas.","KC-5.3.III.E, Increasing discontent with imperial rule led to rebellions, some of which were influenced by religious ideas."
KC-5.1.II.A,The need for raw materials for factories and increased food supplies for the growing population in urban centers led to the growth of export economies around the world that specialized in commercial extraction of natural resources and the production of food and industrial crops. The profits from these raw materials were used to purchase finished goods.,"KC-5.1.II.A, The need for raw materials for factories and increased food supplies for the growing population in urban centers led to the growth of export economies around the world that specialized in commercial extraction of natural resources and the production of food and industrial crops. The profits from these raw materials were used to purchase finished goods."
KC-5.2.I.E,Industrialized states and businesses within those states practiced economic imperialism primarily in Asia and Latin America.,"KC-5.2.I.E, Industrialized states and businesses within those states practiced economic imperialism primarily in Asia and Latin America."
c_9i7H,"Economic imperialism was a form of domination where powerful nations controlled weaker ones through trade, investment, and resource exploitation rather than direct colonization.","c_9i7H, Economic imperialism was a form of domination where powerful nations controlled weaker ones through trade, investment, and resource exploitation rather than direct colonization."
KC-5.1.II.C,Trade in some commodities was organized in a way that gave merchants and companies based in Europe and the U.S. a distinct economic advantage.,"KC-5.1.II.C, Trade in some commodities was organized in a way that gave merchants and companies based in Europe and the U.S. a distinct economic advantage."
KC-5.4.I,Migration in many cases was influenced by changes in demographics in both industrialized and unindustrialized societies that presented challenges to existing patterns of living.,"KC-5.4.I, Migration in many cases was influenced by changes in demographics in both industrialized and unindustrialized societies that presented challenges to existing patterns of living."
KC-5.4.I.B,"Because of the nature of new modes of transportation, both internal and external migrants increasingly relocated to cities. This pattern contributed to the significant global urbanization of the 19th century. The new methods of transportation also allowed for many migrants to return, periodically or permanently, to their home societies.","KC-5.4.I.B, Because of the nature of new modes of transportation, both internal and external migrants increasingly relocated to cities. This pattern contributed to the significant global urbanization of the 19th century. The new methods of transportation also allowed for many migrants to return, periodically or permanently, to their home societies."
KC-5.4.II.A,"Many individuals chose freely to relocate, often in search of work.","KC-5.4.II.A, Many individuals chose freely to relocate, often in search of work."
KC-5.4.II.B,"The new global capitalist economy continued to rely on coerced and semicoerced labor migration, including enslavement Chinese and Indian indentured servitude, and convict labor.","KC-5.4.II.B, The new global capitalist economy continued to rely on coerced and semicoerced labor migration, including enslavement Chinese and Indian indentured servitude, and convict labor."
KC-5.4.III.A,"Migrants tended to be male, leaving women to take on new roles in the home society that had been formerly occupied by men.","KC-5.4.III.A, Migrants tended to be male, leaving women to take on new roles in the home society that had been formerly occupied by men."
KC-5.4.III.B,Migrants often created ethnic enclaves in different parts of the world that helped transplant their culture into new environments.,"KC-5.4.III.B, Migrants often created ethnic enclaves in different parts of the world that helped transplant their culture into new environments."
KC-5.4.III.C,"Receiving societies did not always embrace immigrants, as seen in the various degrees of ethnic and racial prejudice and the ways states attempted to regulate the increased flow of people across their borders.","KC-5.4.III.C, Receiving societies did not always embrace immigrants, as seen in the various degrees of ethnic and racial prejudice and the ways states attempted to regulate the increased flow of people across their borders."
IU_Ghpb,Nationalist ideologies fueled imperial expansion as world powers sought to assert dominance and enhance national prestige.,"IU_Ghpb, Nationalist ideologies fueled imperial expansion as world powers sought to assert dominance and enhance national prestige."
IU_u3ju,"Britain’s loss of the American colonies forced a shift in imperial priorities, leading to increased settlement in Australia, Canada, and South Africa.","IU_u3ju, Britain’s loss of the American colonies forced a shift in imperial priorities, leading to increased settlement in Australia, Canada, and South Africa."
IU_cIVS,"France’s defeat in the Franco-Prussian War weakened its position in Europe, pushing it to expand overseas to regain national prestige.","IU_cIVS, France’s defeat in the Franco-Prussian War weakened its position in Europe, pushing it to expand overseas to regain national prestige."
IU_jYig,"Following their unifications, Italy and Germany sought colonies to assert their status as global powers.","IU_jYig, Following their unifications, Italy and Germany sought colonies to assert their status as global powers."
IU_TpYa,"Japanese nationalism and militarism drove incursions into Korea, culminating in its annexation.","IU_TpYa, Japanese nationalism and militarism drove incursions into Korea, culminating in its annexation."
IU_Z0Q5,Britain's economic dominance after the Industrial Revolution and Napoleonic Wars was challenged by other nations as the Second Industrial Revolution progressed.,"IU_Z0Q5, Britain's economic dominance after the Industrial Revolution and Napoleonic Wars was challenged by other nations as the Second Industrial Revolution progressed."
IU_aLlY,"The Monroe Doctrine, a US policy, opposed European intervention in the Americas, but U.S. expansionism after the Spanish-American War led to control over Guam, Cuba, Puerto Rico, and the Philippines.","IU_aLlY, The Monroe Doctrine, a US policy, opposed European intervention in the Americas, but U.S. expansionism after the Spanish-American War led to control over Guam, Cuba, Puerto Rico, and the Philippines."
IU_wqoH,"Building on earlier isolationist policies, the Roosevelt Corollary, an expansion of the Monroe Doctrine, justified active U.S. intervention in Latin America, to maintain stability and protect American economic interests.","IU_wqoH, Building on earlier isolationist policies, the Roosevelt Corollary, an expansion of the Monroe Doctrine, justified active U.S. intervention in Latin America, to maintain stability and protect American economic interests."
IU_skn2,"Nationalism fueled the independence movements of Balkan states like Serbia, Greece, Bulgaria, Romania, and Montenegro against the Ottoman Empire, while Bosnia and Herzegovina were ceded to Austria-Hungary, reshaping the region's political landscape","IU_skn2, Nationalism fueled the independence movements of Balkan states like Serbia, Greece, Bulgaria, Romania, and Montenegro against the Ottoman Empire, while Bosnia and Herzegovina were ceded to Austria-Hungary, reshaping the region's political landscape"
IU_qFpK,"European-influenced education, particularly the spread of Enlightenment ideals like natural rights and sovereignty, inspired indigenous resistance movements against imperial rule, as seen in uprisings across Africa, Asia, and the Americas.","IU_qFpK, European-influenced education, particularly the spread of Enlightenment ideals like natural rights and sovereignty, inspired indigenous resistance movements against imperial rule, as seen in uprisings across Africa, Asia, and the Americas."
IU_r1z8,"Indentured labor systems led Indian migrants to British colonies in the Caribbean, South Africa, East Africa, and Fiji.","IU_r1z8, Indentured labor systems led Indian migrants to British colonies in the Caribbean, South Africa, East Africa, and Fiji."
IU_Mvvo,Chinese laborers migrated to California and British Malaya under contract labor systems to build railroads and work in agriculture.,"IU_Mvvo, Chinese laborers migrated to California and British Malaya under contract labor systems to build railroads and work in agriculture."
IU_wajk,"Japanese laborers migrated to Hawaii, Peru, and Cuba under contract labor systems to work on sugar plantations.","IU_wajk, Japanese laborers migrated to Hawaii, Peru, and Cuba under contract labor systems to work on sugar plantations."
IU_hYuo,"Following the abolition of slavery, imperial powers used indentured servitude as an alternative labor system, leading to exploitative migration patterns.","IU_hYuo, Following the abolition of slavery, imperial powers used indentured servitude as an alternative labor system, leading to exploitative migration patterns."
IU_SGUS,"After the abolition of slavery, Chinese and Indian workers were often coerced or deceived into indentured servitude as a substitute labor force.","IU_SGUS, After the abolition of slavery, Chinese and Indian workers were often coerced or deceived into indentured servitude as a substitute labor force."
IU_qbca,"Britain’s abolition of slavery led to a reliance on indentured labor, creating migration patterns that shaped economic structures in British colonies.","IU_qbca, Britain’s abolition of slavery led to a reliance on indentured labor, creating migration patterns that shaped economic structures in British colonies."
IU_k0Lx,"The Irish Famine triggered mass migration, which led to the establishment of Irish diaspora communities and labor forces abroad.","IU_k0Lx, The Irish Famine triggered mass migration, which led to the establishment of Irish diaspora communities and labor forces abroad."
IU_rmpl,"Over 7 million Italians emigrated in the decades following Italian unification in 1861, seeking economic opportunities abroad.","IU_rmpl, Over 7 million Italians emigrated in the decades following Italian unification in 1861, seeking economic opportunities abroad."
IU_VymW,"Industrialization and labor migration led to ethnic enclaves in major cities, reshaping urban culture and politics.","IU_VymW, Industrialization and labor migration led to ethnic enclaves in major cities, reshaping urban culture and politics."
IU_wSJF,"Chinese migrants in Southeast Asia often thrived under colonial rule, dominating trade and commercial enterprises.","IU_wSJF, Chinese migrants in Southeast Asia often thrived under colonial rule, dominating trade and commercial enterprises."
IU_VymW,"Industrialization and labor migration led to ethnic enclaves in major cities, reshaping urban culture and politics.","IU_VymW, Industrialization and labor migration led to ethnic enclaves in major cities, reshaping urban culture and politics."
IU_wSJF,"Chinese migrants in Southeast Asia often thrived under colonial rule, dominating trade and commercial enterprises.","IU_wSJF, Chinese migrants in Southeast Asia often thrived under colonial rule, dominating trade and commercial enterprises."